Date,Open,High,Low,Close,Adj Close,Volume
2021-12-27,0.06931000202894211,0.08870500326156616,0.06913299858570099,0.08004000037908554,0.08004000037908554,1040786
2021-12-28,0.07997799664735794,0.08053100109100342,0.06287399679422379,0.06290999799966812,0.06290999799966812,1106101
2021-12-29,0.06289900094270706,0.13171400129795074,0.062164999544620514,0.11193999648094177,0.11193999648094177,2157529
2021-12-30,0.11193300038576126,0.2461470067501068,0.11193300038576126,0.17554399371147156,0.17554399371147156,7564432
2021-12-31,0.17553800344467163,0.17553800344467163,0.15036700665950775,0.16613100469112396,0.16613100469112396,6656514
2022-01-01,0.16611599922180176,0.19178499281406403,0.15685099363327026,0.17949000000953674,0.17949000000953674,1687561
2022-01-02,0.17948800325393677,0.22409600019454956,0.17813999950885773,0.20599499344825745,0.20599499344825745,2075225
2022-01-03,0.20599299669265747,0.23217099905014038,0.18702000379562378,0.1994670033454895,0.1994670033454895,1887497
2022-01-04,0.19947099685668945,0.20837999880313873,0.1535000056028366,0.15811799466609955,0.15811799466609955,1280708
2022-01-05,0.15812000632286072,0.1836560070514679,0.14498299360275269,0.15384800732135773,0.15384800732135773,1533402
2022-01-06,0.15384000539779663,0.17014199495315552,0.1392509937286377,0.16923299431800842,0.16923299431800842,1319600
2022-01-07,0.1692350059747696,0.1694139987230301,0.13792000710964203,0.14219200611114502,0.14219200611114502,821461
2022-01-08,0.14219500124454498,0.14902900159358978,0.12162700295448303,0.13482800126075745,0.13482800126075745,742495
2022-01-09,0.1348239928483963,0.13741900026798248,0.12434200197458267,0.13006600737571716,0.13006600737571716,515901
2022-01-10,0.130062997341156,0.1303279995918274,0.11541099846363068,0.11872100085020065,0.11872100085020065,432129
2022-01-11,0.11872100085020065,0.12368199974298477,0.11872100085020065,0.12162700295448303,0.12162700295448303,445781
2022-01-12,0.12162899971008301,0.16432100534439087,0.11861799657344818,0.15274399518966675,0.15274399518966675,590897
2022-01-13,0.15274399518966675,0.15274399518966675,0.1319819986820221,0.13371500372886658,0.13371500372886658,1077782
2022-01-14,0.13371899724006653,0.13516800105571747,0.13069100677967072,0.1335030049085617,0.1335030049085617,359319
2022-01-15,0.13350999355316162,0.13569200038909912,0.12382800132036209,0.12746499478816986,0.12746499478816986,199990
2022-01-16,0.12746700644493103,0.14232400059700012,0.12221299856901169,0.1389870047569275,0.1389870047569275,303726
2022-01-17,0.1389950066804886,0.1402300000190735,0.10900600254535675,0.11790399998426437,0.11790399998426437,425945
2022-01-18,0.11790599673986435,0.12110800296068192,0.1082020029425621,0.11343500018119812,0.11343500018119812,350596
2022-01-19,0.11343199759721756,0.11795400083065033,0.0854640007019043,0.08899500221014023,0.08899500221014023,541120
2022-01-20,0.08899799734354019,0.09700199961662292,0.08575700223445892,0.09170600026845932,0.09170600026845932,553970
2022-01-21,0.09170699864625931,0.09176699817180634,0.07859700173139572,0.07943499833345413,0.07943499833345413,254869
2022-01-22,0.0794299989938736,0.08039599657058716,0.07115600258111954,0.0720129981637001,0.0720129981637001,216619
2022-01-23,0.07201500236988068,0.07677199691534042,0.06779199838638306,0.06823699921369553,0.06823699921369553,186658
2022-01-24,0.06823500245809555,0.06824199855327606,0.06320399791002274,0.06336600333452225,0.06336600333452225,133355
2022-01-25,0.06336700171232224,0.06544499844312668,0.06151200085878372,0.06514299660921097,0.06514299660921097,85373
2022-01-26,0.06514099985361099,0.06673400104045868,0.05519900098443031,0.05562499910593033,0.05562499910593033,216049
2022-01-27,0.055622998625040054,0.056439999490976334,0.05452800169587135,0.056102998554706573,0.056102998554706573,210695
2022-01-28,0.056106001138687134,0.06785400211811066,0.056074000895023346,0.06784199923276901,0.06784199923276901,156885
2022-01-29,0.067842997610569,0.07695300132036209,0.06754899770021439,0.07317899912595749,0.07317899912595749,249470
2022-01-30,0.0731780007481575,0.0731780007481575,0.05952399969100952,0.06653600186109543,0.06653600186109543,229208
2022-01-31,0.06653899699449539,0.06705600023269653,0.06397400051355362,0.06666100025177002,0.06666100025177002,127428
2022-02-01,0.06666000187397003,0.06990399956703186,0.06619299948215485,0.068121999502182,0.068121999502182,77915
2022-02-02,0.06812500208616257,0.0681300014257431,0.059383999556303024,0.0595100000500679,0.0595100000500679,146104
2022-02-03,0.0595100000500679,0.06968200206756592,0.05732100084424019,0.06890500336885452,0.06890500336885452,190083
2022-02-04,0.06890200078487396,0.07973799854516983,0.0683249980211258,0.07317899912595749,0.07317899912595749,227998
2022-02-05,0.07317999750375748,0.08885999768972397,0.07252699881792068,0.08011700212955475,0.08011700212955475,262274
2022-02-06,0.08011200278997421,0.08045800030231476,0.07440199702978134,0.07955200225114822,0.07955200225114822,196455
2022-02-07,0.07955300062894821,0.0871720016002655,0.07726000249385834,0.0772629976272583,0.0772629976272583,282960
2022-02-08,0.07726500183343887,0.07763499766588211,0.07444500178098679,0.07469499856233597,0.07469499856233597,263127
2022-02-09,0.07469099760055542,0.07501599937677383,0.06849599629640579,0.06850499659776688,0.06850499659776688,121256
2022-02-10,0.0685029998421669,0.07547499984502792,0.06793099641799927,0.073294997215271,0.073294997215271,200260
2022-02-11,0.07329600304365158,0.07472699880599976,0.06436900049448013,0.06471899896860123,0.06471899896860123,222482
2022-02-12,0.06472200155258179,0.06621400266885757,0.06214600056409836,0.06218099966645241,0.06218099966645241,126217
2022-02-13,0.062178999185562134,0.06538400053977966,0.058830998837947845,0.05897099897265434,0.05897099897265434,113885
2022-02-14,0.05897499993443489,0.06977099925279617,0.05758899822831154,0.06173500046133995,0.06173500046133995,216072
2022-02-15,0.06173500046133995,0.07925800234079361,0.06122000142931938,0.06898300349712372,0.06898300349712372,504353
2022-02-16,0.0689850002527237,0.07758399844169617,0.06868799775838852,0.0709099993109703,0.0709099993109703,382436
2022-02-17,0.07090699672698975,0.07354199886322021,0.06109499931335449,0.06317400187253952,0.06317400187253952,260117
2022-02-18,0.06317300349473953,0.06368400156497955,0.04782300069928169,0.05010800063610077,0.05010800063610077,670606
2022-02-19,0.050106000155210495,0.050106000155210495,0.046932000666856766,0.04752900078892708,0.04752900078892708,357316
2022-02-20,0.04752799868583679,0.04986400157213211,0.047155000269412994,0.048151999711990356,0.048151999711990356,169483
2022-02-21,0.048151999711990356,0.04843299835920334,0.04618699848651886,0.04640699923038483,0.04640699923038483,143747
2022-02-22,0.0464089997112751,0.0466109998524189,0.04332499951124191,0.04338499903678894,0.04338499903678894,266637
2022-02-23,0.04338499903678894,0.04348599910736084,0.03884999826550484,0.03888700157403946,0.03888700157403946,525842
2022-02-24,0.03889000043272972,0.03924199938774109,0.03562700003385544,0.03640500083565712,0.03640500083565712,751582
2022-02-25,0.03640500083565712,0.03739999979734421,0.036253999918699265,0.03672200068831444,0.03672200068831444,795942
2022-02-26,0.03672200068831444,0.047099001705646515,0.03672200068831444,0.04635399952530861,0.04635399952530861,1186587
2022-02-27,0.04635399952530861,0.04635399952530861,0.0436209999024868,0.045187998563051224,0.045187998563051224,1154656
2022-02-28,0.045187000185251236,0.04520399868488312,0.044064998626708984,0.04416099935770035,0.04416099935770035,1015410
2022-03-01,0.04416099935770035,0.048200998455286026,0.044082000851631165,0.046234000474214554,0.046234000474214554,1203949
2022-03-02,0.046234000474214554,0.046571001410484314,0.04409400001168251,0.0440949983894825,0.0440949983894825,878521
2022-03-03,0.0440949983894825,0.04481299966573715,0.04308699816465378,0.04312499985098839,0.04312499985098839,148071
2022-03-04,0.04312700033187866,0.043414000421762466,0.04022099822759628,0.04040500149130821,0.04040500149130821,207984
2022-03-05,0.0404059998691082,0.0404059998691082,0.03828800097107887,0.039671000093221664,0.039671000093221664,349254
2022-03-06,0.03967199847102165,0.04066099971532822,0.03923799842596054,0.03933500126004219,0.03933500126004219,632577
2022-03-07,0.03933500126004219,0.039381999522447586,0.03765299916267395,0.037654001265764236,0.037654001265764236,840093
2022-03-08,0.03765200078487396,0.03831399977207184,0.037133000791072845,0.03716700151562691,0.03716700151562691,947354
2022-03-09,0.03716700151562691,0.037255000323057175,0.03340199962258339,0.03356200084090233,0.03356200084090233,876212
2022-03-10,0.03356099873781204,0.034345000982284546,0.03344200178980827,0.033580001443624496,0.033580001443624496,866879
2022-03-11,0.033580001443624496,0.035645000636577606,0.03338399901986122,0.03508700057864189,0.03508700057864189,929474
2022-03-12,0.03508799895644188,0.03528999909758568,0.034811001271009445,0.03501399978995323,0.03501399978995323,903954
2022-03-13,0.03501399978995323,0.035071998834609985,0.033987998962402344,0.03406599909067154,0.03406599909067154,863361
2022-03-14,0.03406599909067154,0.03536200150847435,0.03396499902009964,0.03405600041151047,0.03405600041151047,826292
2022-03-15,0.03405600041151047,0.03466799855232239,0.033946000039577484,0.03452400118112564,0.03452400118112564,861306
2022-03-16,0.03452400118112564,0.034651000052690506,0.03398200124502182,0.03408300131559372,0.03408300131559372,775746
2022-03-17,0.03408300131559372,0.0341080017387867,0.0334089994430542,0.033514998853206635,0.033514998853206635,499260
2022-03-18,0.03351400047540665,0.03357899934053421,0.031996000558137894,0.03200399875640869,0.03200399875640869,25891
2022-03-19,0.032003000378608704,0.03214000165462494,0.03183000162243843,0.032120998948812485,0.032120998948812485,246561
2022-03-20,0.032120998948812485,0.03219800069928169,0.03141999989748001,0.031603001058101654,0.031603001058101654,968809
2022-03-21,0.03160199895501137,0.031918998807668686,0.030121000483632088,0.030150000005960464,0.030150000005960464,896594
2022-03-22,0.030150000005960464,0.030355999246239662,0.02934899926185608,0.029384000226855278,0.029384000226855278,856263
2022-03-23,0.029384000226855278,0.02943599969148636,0.027552999556064606,0.027577999979257584,0.027577999979257584,380718
2022-03-24,0.02757900021970272,0.02758600004017353,0.026133999228477478,0.026184000074863434,0.026184000074863434,46419
2022-03-25,0.026184000074863434,0.029146000742912292,0.026120999827980995,0.02914400026202202,0.02914400026202202,72770
2022-03-26,0.029146000742912292,0.03232000023126602,0.028984999284148216,0.031932998448610306,0.031932998448610306,136906
2022-03-27,0.031932998448610306,0.034550998359918594,0.031720999628305435,0.034359000623226166,0.034359000623226166,107333
2022-03-28,0.034359000623226166,0.03451700136065483,0.03157300129532814,0.031909000128507614,0.031909000128507614,76815
2022-03-29,0.031908001750707626,0.03236899897456169,0.03137199953198433,0.03207400068640709,0.03207400068640709,63988
2022-03-30,0.03207400068640709,0.03334200009703636,0.03184700012207031,0.03311900049448013,0.03311900049448013,47497
2022-03-31,0.03311999887228012,0.03607400134205818,0.03295399993658066,0.035193998366594315,0.035193998366594315,71264
2022-04-01,0.035197000950574875,0.03533399850130081,0.03442300111055374,0.03492499887943268,0.03492499887943268,57198
2022-04-02,0.03492800146341324,0.03546199947595596,0.034814998507499695,0.03524300083518028,0.03524300083518028,27345
2022-04-03,0.03524100035429001,0.03532499819993973,0.03429900109767914,0.03431300073862076,0.03431300073862076,27981
2022-04-04,0.03431199863553047,0.03463900089263916,0.03273199871182442,0.03281499817967415,0.03281499817967415,31918
2022-04-05,0.03281399980187416,0.03296300023794174,0.03181599825620651,0.0319410003721714,0.0319410003721714,34252
2022-04-06,0.031939998269081116,0.0321820005774498,0.026341000571846962,0.031605999916791916,0.031605999916791916,144085
2022-04-07,0.031605999916791916,0.032287999987602234,0.03006800077855587,0.03008200041949749,0.03008200041949749,149317
2022-04-08,0.030084000900387764,0.030270999297499657,0.029203999787569046,0.02930399961769581,0.02930399961769581,46844
2022-04-09,0.029304999858140945,0.029471000656485558,0.02824700064957142,0.02837900072336197,0.02837900072336197,32289
2022-04-10,0.028379999101161957,0.029172999784350395,0.028201999142766,0.028898999094963074,0.028898999094963074,32809
2022-04-11,0.028901999816298485,0.029263999313116074,0.027150999754667282,0.02742299996316433,0.02742299996316433,40503
2022-04-12,0.027427000924944878,0.027929000556468964,0.026991000398993492,0.027807999402284622,0.027807999402284622,38213
2022-04-13,0.02780899964272976,0.027960000559687614,0.027204999700188637,0.027357999235391617,0.027357999235391617,26882
2022-04-14,0.02735700085759163,0.02755199931561947,0.026190999895334244,0.026195000857114792,0.026195000857114792,23393
2022-04-15,0.026195000857114792,0.026405999436974525,0.026055999100208282,0.026200000196695328,0.026200000196695328,17299
2022-04-16,0.02619899995625019,0.026977000758051872,0.026069000363349915,0.026809999719262123,0.026809999719262123,16030
2022-04-17,0.026808999478816986,0.026965999975800514,0.026110999286174774,0.026110999286174774,0.026110999286174774,15322
2022-04-18,0.02611199952661991,0.026412999257445335,0.025185000151395798,0.025244999676942825,0.025244999676942825,28105
2022-04-19,0.025244999676942825,0.02544100023806095,0.024771999567747116,0.0247809998691082,0.0247809998691082,36710
2022-04-20,0.0247809998691082,0.02483299933373928,0.023655999451875687,0.024298999458551407,0.024298999458551407,42110
2022-04-21,0.02429799921810627,0.03062400035560131,0.024210000410676003,0.03023800067603588,0.03023800067603588,128062
2022-04-22,0.030237000435590744,0.03521500155329704,0.029989000409841537,0.03348200023174286,0.03348200023174286,232458
2022-04-23,0.03348299860954285,0.03353499993681908,0.02930399961769581,0.02930399961769581,0.02930399961769581,172061
2022-04-24,0.029301999136805534,0.030280999839305878,0.029059000313282013,0.029102999716997147,0.029102999716997147,54635
2022-04-25,0.029102999716997147,0.029337000101804733,0.027533000335097313,0.027533000335097313,0.027533000335097313,38033
2022-04-26,0.027532000094652176,0.027897000312805176,0.025645999237895012,0.02566700056195259,0.02566700056195259,61446
2022-04-27,0.025668999180197716,0.026040000841021538,0.025662999600172043,0.025707000866532326,0.025707000866532326,45631
2022-04-28,0.025707000866532326,0.02573000080883503,0.024800999090075493,0.024921000003814697,0.024921000003814697,18308
2022-04-29,0.02491999976336956,0.027247000485658646,0.024277999997138977,0.027211999520659447,0.027211999520659447,81198
2022-04-30,0.027211999520659447,0.030167000368237495,0.027096999809145927,0.029021000489592552,0.029021000489592552,149764
2022-05-01,0.02902200073003769,0.030528999865055084,0.028425000607967377,0.03046499937772751,0.03046499937772751,152958
2022-05-02,0.03046399913728237,0.031286001205444336,0.029604999348521233,0.03103799931704998,0.03103799931704998,94232
2022-05-03,0.03103799931704998,0.03142099827528,0.029032999649643898,0.029318999499082565,0.029318999499082565,94068
2022-05-04,0.029318999499082565,0.030036000534892082,0.02877099998295307,0.0287919994443655,0.0287919994443655,100133
2022-05-05,0.028790999203920364,0.02945300005376339,0.02812799997627735,0.028140999376773834,0.028140999376773834,97944
2022-05-06,0.028140999376773834,0.028140999376773834,0.025707999244332314,0.026102999225258827,0.026102999225258827,90907
2022-05-07,0.02610200084745884,0.026301000267267227,0.025412999093532562,0.025530999526381493,0.025530999526381493,82580
2022-05-08,0.025530999526381493,0.02625500038266182,0.025218000635504723,0.02580299973487854,0.02580299973487854,66016
2022-05-09,0.02580299973487854,0.026621999219059944,0.024599000811576843,0.0246799997985363,0.0246799997985363,98838
2022-05-10,0.0246799997985363,0.026708999648690224,0.024261999875307083,0.02587899938225746,0.02587899938225746,150087
2022-05-11,0.0258760005235672,0.026072999462485313,0.022895999252796173,0.0230880007147789,0.0230880007147789,144463
2022-05-12,0.0230880007147789,0.02351599931716919,0.021174000576138496,0.021304000169038773,0.021304000169038773,106550
2022-05-13,0.02130099944770336,0.025124000385403633,0.021124999970197678,0.023934999480843544,0.023934999480843544,188495
2022-05-14,0.023934999480843544,0.025049999356269836,0.02365499921143055,0.02472200058400631,0.02472200058400631,200330
2022-05-15,0.02472200058400631,0.025781000033020973,0.024403000250458717,0.0253090001642704,0.0253090001642704,98845
2022-05-16,0.0253090001642704,0.025351999327540398,0.02436400018632412,0.02448900043964386,0.02448900043964386,64633
2022-05-17,0.02448900043964386,0.02751000039279461,0.024375999346375465,0.02569900080561638,0.02569900080561638,125660
2022-05-18,0.025699999183416367,0.025731999427080154,0.024153999984264374,0.02415899932384491,0.02415899932384491,273913
2022-05-19,0.024159999564290047,0.024504000321030617,0.023384999483823776,0.02444400079548359,0.02444400079548359,262804
2022-05-20,0.02444400079548359,0.02464599907398224,0.023601999506354332,0.023888999596238136,0.023888999596238136,259321
2022-05-21,0.02389100007712841,0.024034999310970306,0.023382000625133514,0.023555999621748924,0.023555999621748924,292825
2022-05-22,0.023555999621748924,0.02396100014448166,0.023111000657081604,0.023403000086545944,0.023403000086545944,258113
2022-05-23,0.023403000086545944,0.023840000852942467,0.02216999977827072,0.022941000759601593,0.022941000759601593,287713
2022-05-24,0.022940000519156456,0.022993000224232674,0.021539000794291496,0.022464999929070473,0.022464999929070473,253543
2022-05-25,0.022464999929070473,0.022505000233650208,0.021320000290870667,0.021321000531315804,0.021321000531315804,281657
2022-05-26,0.021321000531315804,0.021649999544024467,0.01985500007867813,0.020059000700712204,0.020059000700712204,256761
2022-05-27,0.020059000700712204,0.020059000700712204,0.01875999942421913,0.01875999942421913,0.01875999942421913,567359
2022-05-28,0.018724000081419945,0.019000999629497528,0.01856599934399128,0.018830999732017517,0.018830999732017517,1144239
2022-05-29,0.018830999732017517,0.0193099994212389,0.018401000648736954,0.01911499910056591,0.01911499910056591,273759
2022-05-30,0.01911499910056591,0.01943100057542324,0.018546000123023987,0.018744999542832375,0.018744999542832375,588841
2022-05-31,0.018744999542832375,0.01915000006556511,0.01828099973499775,0.018845999613404274,0.018845999613404274,576106
2022-06-01,0.018845999613404274,0.01885800063610077,0.018084999173879623,0.018466999754309654,0.018466999754309654,193476
2022-06-02,0.018466999754309654,0.018698999658226967,0.017621999606490135,0.018671000376343727,0.018671000376343727,217856
2022-06-03,0.018671000376343727,0.01943800039589405,0.018424000591039658,0.01873300038278103,0.01873300038278103,197315
2022-06-04,0.018734000623226166,0.018866000697016716,0.018237000331282616,0.018393000587821007,0.018393000587821007,188004
2022-06-05,0.018393000587821007,0.01848899945616722,0.017980000004172325,0.018011000007390976,0.018011000007390976,148268
2022-06-06,0.018011000007390976,0.018471000716090202,0.017784999683499336,0.01799600012600422,0.01799600012600422,161561
2022-06-07,0.017994999885559082,0.01856200024485588,0.017454000189900398,0.017844000831246376,0.017844000831246376,156511
2022-06-08,0.017844000831246376,0.018192000687122345,0.016728000715374947,0.016939999535679817,0.016939999535679817,164469
2022-06-09,0.016939999535679817,0.017257999628782272,0.016652999445796013,0.016767000779509544,0.016767000779509544,173290
2022-06-10,0.016767000779509544,0.017627999186515808,0.016241999343037605,0.016262000426650047,0.016262000426650047,161720
2022-06-11,0.016262000426650047,0.016287999227643013,0.015568999573588371,0.015651000663638115,0.015651000663638115,163340
2022-06-12,0.015651000663638115,0.01606299914419651,0.015293999575078487,0.015546999871730804,0.015546999871730804,152101
2022-06-13,0.015545999631285667,0.015791000798344612,0.01477499958127737,0.015266000293195248,0.015266000293195248,149388
2022-06-14,0.015266000293195248,0.015345999971032143,0.01432000007480383,0.0149959996342659,0.0149959996342659,143799
2022-06-15,0.0149959996342659,0.015190999954938889,0.01418600045144558,0.014673000201582909,0.014673000201582909,134285
2022-06-16,0.014673000201582909,0.0148930000141263,0.013837999664247036,0.013913000002503395,0.013913000002503395,180244
2022-06-17,0.013913000002503395,0.014469999819993973,0.013681000098586082,0.013906000182032585,0.013906000182032585,156840
2022-06-18,0.013904999941587448,0.014298999682068825,0.0134680001065135,0.013640999794006348,0.013640999794006348,142207
2022-06-19,0.013640999794006348,0.014232000336050987,0.013431999832391739,0.013926000334322453,0.013926000334322453,139645
2022-06-20,0.013925000093877316,0.014030000194907188,0.013288999907672405,0.013818999752402306,0.013818999752402306,132876
2022-06-21,0.013818999752402306,0.01411299966275692,0.013511000201106071,0.013581999577581882,0.013581999577581882,84304
2022-06-22,0.013581999577581882,0.013868000358343124,0.013407999649643898,0.013598999939858913,0.013598999939858913,65766
2022-06-23,0.013598999939858913,0.013775000348687172,0.013034000061452389,0.013168999925255775,0.013168999925255775,72107
2022-06-24,0.013168999925255775,0.013577999547123909,0.013027999550104141,0.013237999752163887,0.013237999752163887,74099
2022-06-25,0.013237999752163887,0.013372999615967274,0.0128389997407794,0.013040999881923199,0.013040999881923199,72597
2022-06-26,0.013040999881923199,0.013326999731361866,0.012803999707102776,0.012884999625384808,0.012884999625384808,62948
2022-06-27,0.012885999865829945,0.013164999894797802,0.011845000088214874,0.012029999867081642,0.012029999867081642,83319
2022-06-28,0.012029999867081642,0.012582000344991684,0.01165200024843216,0.01202400028705597,0.01202400028705597,93074
2022-06-29,0.01202400028705597,0.01209300011396408,0.011253000237047672,0.011458000168204308,0.011458000168204308,95677
2022-06-30,0.011458000168204308,0.011818000115454197,0.011136000044643879,0.011509999632835388,0.011509999632835388,85766
2022-07-01,0.011510999873280525,0.011903000064194202,0.010944999754428864,0.01100200042128563,0.01100200042128563,68224
2022-07-02,0.01100200042128563,0.011219999752938747,0.01077600009739399,0.010879999957978725,0.010879999957978725,74932
2022-07-03,0.010879999957978725,0.011382999829947948,0.010440000332891941,0.010634000413119793,0.010634000413119793,119274
2022-07-04,0.010634000413119793,0.01092199981212616,0.010463999584317207,0.010552000254392624,0.010552000254392624,98520
2022-07-05,0.010552000254392624,0.01066800020635128,0.010301999747753143,0.010402999818325043,0.010402999818325043,87597
2022-07-06,0.010402999818325043,0.010661999695003033,0.009879999794065952,0.00990699976682663,0.00990699976682663,72343
2022-07-07,0.00990699976682663,0.011199000291526318,0.009855999611318111,0.01116700004786253,0.01116700004786253,100294
2022-07-08,0.01116700004786253,0.011377000249922276,0.01039199996739626,0.010458000004291534,0.010458000004291534,106660
2022-07-09,0.010458000004291534,0.010525000281631947,0.010308999568223953,0.010354000143706799,0.010354000143706799,82769
2022-07-10,0.010354000143706799,0.010634000413119793,0.009995999746024609,0.010087000206112862,0.010087000206112862,62409
2022-07-11,0.010087000206112862,0.010381000116467476,0.009934999980032444,0.010348999872803688,0.010348999872803688,108935
2022-07-12,0.010348999872803688,0.010766999796032906,0.0100509999319911,0.010258999653160572,0.010258999653160572,259820
2022-07-13,0.010258999653160572,0.010582000017166138,0.010127999819815159,0.010487999767065048,0.010487999767065048,260812
2022-07-14,0.010487999767065048,0.010541999712586403,0.009758000262081623,0.009868999943137169,0.009868999943137169,257570
2022-07-15,0.009868999943137169,0.009965999983251095,0.009624999947845936,0.009654000401496887,0.009654000401496887,225760
2022-07-16,0.009654000401496887,0.010134000331163406,0.00945299956947565,0.00977999996393919,0.00977999996393919,251830
2022-07-17,0.00977999996393919,0.0097850002348423,0.009219000115990639,0.009453999809920788,0.009453999809920788,240353
2022-07-18,0.00945299956947565,0.009584999643266201,0.008968000300228596,0.009335000067949295,0.009335000067949295,267438
2022-07-19,0.009335000067949295,0.009347000159323215,0.007724999915808439,0.007864000275731087,0.007864000275731087,172834
2022-07-20,0.007864000275731087,0.007950999774038792,0.006649999879300594,0.006680000107735395,0.006680000107735395,152984
2022-07-21,0.006678999867290258,0.006982000079005957,0.006562000140547752,0.006895999889820814,0.006895999889820814,98083
2022-07-22,0.006895999889820814,0.007581999991089106,0.006738000083714724,0.007304000202566385,0.007304000202566385,153747
2022-07-23,0.007304000202566385,0.007389000151306391,0.00723899994045496,0.007269000168889761,0.007269000168889761,137013
2022-07-24,0.007269000168889761,0.007348999846726656,0.0071379998698830605,0.007207999937236309,0.007207999937236309,73250
2022-07-25,0.007207999937236309,0.007261999882757664,0.0070329997688531876,0.00711299991235137,0.00711299991235137,80605
2022-07-26,0.00711299991235137,0.007530000060796738,0.007015999872237444,0.007073999848216772,0.007073999848216772,96814
2022-07-27,0.007073999848216772,0.007424000184983015,0.006947000045329332,0.007416000124067068,0.007416000124067068,100904
2022-07-28,0.007416000124067068,0.007462000008672476,0.007209999952465296,0.007209999952465296,0.007209999952465296,85734
2022-07-29,0.007209999952465296,0.007455000188201666,0.007124000228941441,0.007129000034183264,0.007129000034183264,79271
2022-07-30,0.007129000034183264,0.007526999805122614,0.007038000039756298,0.007168999873101711,0.007168999873101711,103414
2022-07-31,0.007168999873101711,0.007298999931663275,0.007110999897122383,0.007116000168025494,0.007116000168025494,93441
2022-08-01,0.007116000168025494,0.007282000035047531,0.006899000145494938,0.007015999872237444,0.007015999872237444,89388
2022-08-02,0.007015999872237444,0.007060000207275152,0.006870000157505274,0.006963999941945076,0.006963999941945076,72617
2022-08-03,0.006963999941945076,0.007236000150442123,0.006920999847352505,0.007044999860227108,0.007044999860227108,73261
2022-08-04,0.007044999860227108,0.007234999909996986,0.006982999853789806,0.007153999991714954,0.007153999991714954,76958
2022-08-05,0.007153000216931105,0.007189000025391579,0.007044999860227108,0.0071000000461936,0.0071000000461936,71417
2022-08-06,0.0071000000461936,0.0071470001712441444,0.007062999997287989,0.007069000042974949,0.007069000042974949,71569
2022-08-07,0.007069000042974949,0.007079999893903732,0.006909000221639872,0.006982999853789806,0.006982999853789806,70467
2022-08-08,0.006982999853789806,0.007102999836206436,0.006943999789655209,0.00698600010946393,0.00698600010946393,78975
2022-08-09,0.00698600010946393,0.00725199980661273,0.006903999950736761,0.007139999885112047,0.007139999885112047,86569
2022-08-10,0.007139999885112047,0.00737700005993247,0.007054000161588192,0.007182000204920769,0.007182000204920769,75339
2022-08-11,0.007182000204920769,0.008275000378489494,0.007135000079870224,0.008275000378489494,0.008275000378489494,134784
2022-08-12,0.008275000378489494,0.008844000287353992,0.00825200043618679,0.00879599992185831,0.00879599992185831,83655
2022-08-13,0.00879599992185831,0.009050000458955765,0.008662999607622623,0.008834999985992908,0.008834999985992908,81272
2022-08-14,0.008834999985992908,0.008918000385165215,0.008768999949097633,0.008786999620497227,0.008786999620497227,72777
2022-08-15,0.008786999620497227,0.008987000212073326,0.008767000399529934,0.008941000327467918,0.008941000327467918,73595
2022-08-16,0.008941000327467918,0.008973999880254269,0.008775000460445881,0.008871999569237232,0.008871999569237232,74515
2022-08-17,0.008871999569237232,0.009011000394821167,0.008697000332176685,0.008724999614059925,0.008724999614059925,72796
2022-08-18,0.008724999614059925,0.008891000412404537,0.00851999968290329,0.00853199977427721,0.00853199977427721,73974
2022-08-19,0.00853199977427721,0.008977999910712242,0.00851800013333559,0.008736000396311283,0.008736000396311283,80602
2022-08-20,0.008736000396311283,0.00901500042527914,0.00863299984484911,0.008724999614059925,0.008724999614059925,69331
2022-08-21,0.008724999614059925,0.008965999819338322,0.008723000064492226,0.008790000341832638,0.008790000341832638,78522
2022-08-22,0.008790000341832638,0.00887999963015318,0.008592000231146812,0.008762000128626823,0.008762000128626823,71551
2022-08-23,0.008762000128626823,0.008772999979555607,0.008551999926567078,0.008557000197470188,0.008557000197470188,52496
2022-08-24,0.008557000197470188,0.008581000380218029,0.008135000243782997,0.008136999793350697,0.008136999793350697,47304
2022-08-25,0.008136999793350697,0.008379999548196793,0.008031999692320824,0.008086999878287315,0.008086999878287315,43064
2022-08-26,0.008086999878287315,0.008286000229418278,0.007672000210732222,0.007751999888569117,0.007751999888569117,44430
2022-08-27,0.007751999888569117,0.00801599957048893,0.007643999997526407,0.00774300005286932,0.00774300005286932,47625
2022-08-28,0.00774300005286932,0.008031000383198261,0.007654000073671341,0.007728000171482563,0.007728000171482563,37823
2022-08-29,0.007728000171482563,0.008081000298261642,0.007606999948620796,0.007934999652206898,0.007934999652206898,42466
2022-08-30,0.007934999652206898,0.008063999935984612,0.007511000148952007,0.007672000210732222,0.007672000210732222,42226
2022-08-31,0.007672000210732222,0.007950999774038792,0.007662999909371138,0.007693000137805939,0.007693000137805939,40897
2022-09-01,0.007693000137805939,0.007786000147461891,0.00749799981713295,0.007708000019192696,0.007708000019192696,43896
2022-09-02,0.007708000019192696,0.007757999934256077,0.007480999920517206,0.007517999969422817,0.007517999969422817,44173
2022-09-03,0.007517999969422817,0.007697999943047762,0.007513000164180994,0.007584999781101942,0.007584999781101942,41184
2022-09-04,0.007584999781101942,0.007666000165045261,0.007441000081598759,0.007656999863684177,0.007656999863684177,43308
2022-09-05,0.007656999863684177,0.0076950001530349255,0.007519000209867954,0.007602999918162823,0.007602999918162823,41208
2022-09-06,0.007602999918162823,0.007830999791622162,0.006955000106245279,0.006988999899476767,0.006988999899476767,49947
2022-09-07,0.006988000124692917,0.007067000027745962,0.006099000107496977,0.00612299982458353,0.00612299982458353,65164
2022-09-08,0.006122000049799681,0.006169999949634075,0.005901999771595001,0.006047000177204609,0.006047000177204609,44217
2022-09-09,0.006047000177204609,0.006862000096589327,0.0059830001555383205,0.0068419999442994595,0.0068419999442994595,85804
2022-09-10,0.0068419999442994595,0.006843999959528446,0.00648800004273653,0.006523000076413155,0.006523000076413155,42443
2022-09-11,0.006523000076413155,0.006674000062048435,0.006438000127673149,0.006641000043600798,0.006641000043600798,55417
2022-09-12,0.006641000043600798,0.006697999779134989,0.006574000231921673,0.0066189998760819435,0.0066189998760819435,40156
2022-09-13,0.0066189998760819435,0.006862999871373177,0.00648899981752038,0.006701999809592962,0.006701999809592962,46559
2022-09-14,0.006541000213474035,0.006800999864935875,0.006486999802291393,0.006765000056475401,0.006765000056475401,75467
2022-09-15,0.006778705399483442,0.0068487864919006824,0.006704908795654774,0.0067301117815077305,0.0067301117815077305,70824
